{
  "session_name": "web_proof_1757658821",
  "url": "--help",
  "start_time": 1757658821.1591065,
  "duration": 30,
  "success": true,
  "files_created": [
    "recordings/web_sessions/web_proof_1757658821_screenshot.png"
  ],
  "end_time": 1757658835.9786434,
  "actual_duration": 14.819536924362183
}